temperature,signal
27.81744,-0.2122731
27.82374,-0.2122439
27.82547,-0.2123252
27.8257,-0.210758
27.82726,-0.2113717
27.82748,-0.2123982
27.8276,-0.21246
27.82794,-0.2114944
27.82822,-0.2119798
27.8285,-0.2116156
27.8292,-0.2123516
27.82927,-0.2121086
27.82936,-0.2117584
27.82973,-0.2111996
27.82998,-0.2118601
27.83055,-0.2125296
27.83113,-0.2124402
27.83114,-0.2110034
27.83135,-0.2122402
27.8319,-0.2105534
27.83264,-0.2125335
27.8336,-0.2121216
27.83408,-0.2103436
27.8346,-0.2101164
27.83625,-0.212535
27.83885,-0.2095091
27.83935,-0.2098942
27.83958,-0.2119324
27.84026,-0.2093464
27.84058,-0.2091195
27.84169,-0.2114287
27.8423,-0.2096903
27.84271,-0.2116838
27.84422,-0.2090746
27.8444,-0.2084314
27.84548,-0.2092184
27.8491,-0.211111
27.84985,-0.2090354
27.8563,-0.2094425
27.85756,-0.2107455
27.86248,-0.2089642
27.86302,-0.2103308
27.86461,-0.209914
27.86844,-0.2084503
27.87468,-0.2079069
27.87885,-0.2072769
27.88482,-0.2066246
27.88993,-0.2059243
27.89548,-0.2051968
27.9085,-0.2044863
27.91306,-0.2037205
27.91644,-0.2028641
27.93478,-0.2018828
27.9426,-0.2008692
27.94772,-0.1998121
27.95246,-0.1987719
27.96516,-0.1976232
27.96862,-0.1964446
27.98725,-0.1952244
27.99194,-0.1939056
28.0081,-0.1925558
28.0201,-0.1911296
28.0292,-0.1896378
28.04325,-0.1881242
28.05545,-0.186538
28.06672,-0.1848542
28.08373,-0.1831619
28.09438,-0.1813948
28.10654,-0.1795473
28.12699,-0.1776676
28.14416,-0.1757545
28.15402,-0.1737962
28.1752,-0.1717977
28.19025,-0.1697074
28.2081,-0.1675851
28.22054,-0.1654247
28.23699,-0.1631835
28.25609,-0.1608769
28.27888,-0.1585143
28.2973,-0.1560843
28.3118,-0.1535601
28.3382,-0.150975
28.355,-0.1483464
28.38594,-0.1457123
28.39853,-0.1430392
28.42172,-0.1403009
28.44218,-0.1375241
28.46123,-0.1346771
28.48418,-0.1318452
28.5056,-0.1289085
28.53004,-0.1259102
28.56004,-0.1228472
28.58186,-0.1197885
28.60915,-0.1166425
28.63432,-0.1133863
28.6585,-0.1100585
28.68996,-0.1066697
28.72103,-0.1032473
28.75331,-0.09973145
28.78181,-0.09620039
28.80688,-0.09267442
28.83484,-0.0891116
28.869,-0.08545775
28.9007,-0.08174956
28.92953,-0.07800857
28.96094,-0.07422871
28.98824,-0.07041187
29.01632,-0.06649652
29.0472,-0.06256426
29.0824,-0.0585719
29.11448,-0.05446094
29.13585,-0.05035928
29.17864,-0.04623547
29.20922,-0.04207178
29.24625,-0.03789532
29.28319,-0.03363412
29.31384,-0.02933936
29.35238,-0.02505791
29.38426,-0.02068323
29.42314,-0.01628346
29.45836,-0.01190929
29.4955,-0.0074311
29.52652,-0.0029043
29.57207,0.00170308
29.60575,0.00635096
29.64454,0.01094966
29.69008,0.01561409
29.72937,0.02036156
29.76724,0.02516309
29.80541,0.02998901
29.84508,0.0348322
29.87966,0.03970828
29.92636,0.0446414
29.96938,0.0495117
30.0114,0.05447222
30.05435,0.05948399
30.0969,0.0645231
30.1453,0.0695689
30.18424,0.07461386
30.2305,0.07971274
30.27302,0.08488566
30.30819,0.09000774
30.36054,0.09514809
30.4013,0.100349
30.44861,0.1055627
30.49463,0.1107756
30.54086,0.1159907
30.58662,0.1211774
30.63396,0.1263901
30.68098,0.1316214
30.72537,0.1368389
30.77726,0.1421255
30.82476,0.1474209
30.87727,0.1527388
30.92232,0.1580562
30.97058,0.1634135
31.01846,0.1687963
31.07492,0.1741772
31.11577,0.179565
31.16678,0.1849666
31.21308,0.1904022
31.26431,0.1958649
31.31047,0.2013195
31.36273,0.2067539
31.4172,0.2121825
31.46711,0.2176503
31.51834,0.2231032
31.5644,0.2286352
31.6194,0.234105
31.66978,0.2396108
31.71364,0.2450801
31.7693,0.2505446
31.81814,0.2559615
31.8723,0.2614161
31.92892,0.2668877
31.97688,0.2723096
32.0258,0.27774
32.08497,0.2831564
32.13293,0.2886182
32.1919,0.2940094
32.2457,0.299435
32.30291,0.3048128
32.35369,0.3102337
32.40972,0.3156672
32.47041,0.3210648
32.52489,0.3264732
32.57556,0.331838
32.63216,0.337202
32.68775,0.3425342
32.74754,0.3478815
32.79574,0.3532242
32.85389,0.3585288
32.90732,0.3638654
32.96537,0.3691516
33.01582,0.3744197
33.06794,0.3796694
33.12281,0.3849168
33.17156,0.390118
33.23174,0.3954083
33.291,0.4006509
33.34465,0.405852
33.4009,0.4110772
33.4502,0.4162522
33.5104,0.4214308
33.57,0.4266044
33.6281,0.4317139
33.67916,0.4368521
33.73694,0.4419296
33.79506,0.4468984
33.8566,0.4518818
33.9169,0.4568725
33.97819,0.4618621
34.03288,0.4667952
34.0902,0.4716847
34.1432,0.4765285
34.20136,0.4813938
34.25886,0.4862208
34.31088,0.4910726
34.36587,0.4958887
34.42398,0.5006404
34.4721,0.505379
34.52554,0.5100443
34.58016,0.514685
34.64331,0.5193452
34.69888,0.523965
34.75644,0.5285261
34.8082,0.5330812
34.8668,0.5375963
34.926,0.542139
34.9874,0.5466367
35.0466,0.5510693
35.10124,0.5555052
35.1505,0.559914
35.20864,0.5642512
35.26456,0.5685871
35.3234,0.5728936
35.37908,0.5771714
35.43831,0.5813777
35.49266,0.5855358
35.55254,0.5896626
35.60696,0.5937566
35.66145,0.597831
35.71415,0.601895
35.77116,0.6058811
35.8246,0.6098514
35.8863,0.61383
35.93684,0.617745
35.99218,0.6216682
36.04952,0.6255115
36.10264,0.6294016
36.15885,0.6332209
36.2172,0.6369817
36.27265,0.6407121
36.32294,0.6444557
36.37918,0.6481324
36.43645,0.6517554
36.49332,0.655356
36.54692,0.6589288
36.59754,0.6624656
36.65213,0.6659265
36.7062,0.6693668
36.75895,0.6727843
36.81044,0.6761562
36.86569,0.6794972
36.91648,0.6827891
36.97006,0.6860219
37.02355,0.6892387
37.0721,0.6924036
37.12925,0.6955791
37.18332,0.6986952
37.23557,0.701803
37.29065,0.7048628
37.34093,0.7079004
37.3884,0.7109024
37.44663,0.7138863
37.50128,0.7168764
37.56021,0.7197739
37.60643,0.7226116
37.66196,0.7254376
37.71537,0.7282425
37.76962,0.7310294
37.82298,0.7337716
37.88013,0.7364889
37.93269,0.7391838
37.97517,0.7417925
38.03311,0.7443728
38.08264,0.7469212
38.13822,0.7495128
38.18803,0.7520159
38.23758,0.7544575
38.29048,0.7568542
38.34076,0.759253
38.39312,0.7615787
38.44015,0.763878
38.49482,0.7661849
38.54434,0.7684331
38.59668,0.7706285
38.64656,0.7727278
38.69819,0.7748428
38.74612,0.7769238
38.79579,0.77899
38.83848,0.7810332
38.88994,0.7830601
38.93522,0.7849847
38.98672,0.786919
39.03766,0.7887942
39.08714,0.7907078
39.13316,0.7925718
39.1829,0.7943932
39.22148,0.7962128
39.26382,0.7979924
39.31992,0.7996759
39.37342,0.8013404
39.41503,0.8030506
39.46658,0.8046772
39.51166,0.8063132
39.5602,0.8079087
39.60406,0.8095032
39.65074,0.8110512
39.70365,0.8125512
39.74313,0.813998
39.79159,0.8154832
39.83822,0.8169638
39.88732,0.8183449
39.9307,0.8197601
39.98698,0.821134
40.03006,0.8224532
40.06788,0.823754
40.11468,0.8250331
40.16714,0.8262639
40.21116,0.8274891
40.2565,0.8286947
40.2977,0.8298593
40.3425,0.8309975
40.3913,0.832107
40.4358,0.833184
40.48306,0.8342431
40.52844,0.8352874
40.57459,0.836277
40.6184,0.8372313
40.65766,0.8381928
40.70338,0.8391362
40.74603,0.8400269
40.7872,0.8409449
40.83807,0.8418118
40.88176,0.8426922
40.92358,0.8435601
40.96128,0.8443844
41.00578,0.8452356
41.05028,0.8461328
41.09398,0.8469781
41.14345,0.8477387
41.18764,0.8484741
41.22678,0.8492238
41.26838,0.8499458
41.30924,0.8506647
41.34932,0.851352
41.39652,0.8520066
41.44143,0.8526108
41.48063,0.8532181
41.51986,0.8537986
41.56452,0.8543728
41.59975,0.8549545
41.6499,0.855463
41.69858,0.8559689
41.73018,0.8564253
41.78333,0.8568898
41.82616,0.8573306
41.87021,0.8577813
41.90608,0.8581928
41.95054,0.8585799
41.99492,0.8589508
42.03558,0.8592859
42.07052,0.8596212
42.11366,0.8599663
42.16178,0.8603161
42.1989,0.8606343
42.23922,0.8609918
42.27781,0.8613174
42.31907,0.8615692
42.3562,0.8618376
42.39938,0.8621151
42.44065,0.8624098
42.48257,0.8626874
42.51781,0.8629469
42.55703,0.8631351
42.59142,0.8633113
42.62806,0.8634708
42.67055,0.8636551
42.71238,0.8638556
42.75518,0.863985
42.78906,0.8640955
42.83299,0.8642206
42.87351,0.8643609
42.91304,0.8644562
42.95098,0.8646119
42.98876,0.8647836
43.02697,0.8649097
43.07226,0.8649835
43.10934,0.8650897
43.15002,0.8652222
43.19351,0.8653429
43.229,0.8654641
43.26699,0.8655358
43.30698,0.8656105
43.34204,0.8656592
43.37769,0.8656916
43.42184,0.8657103
43.45962,0.8657413
43.49652,0.8657614
43.54287,0.8658231
43.57828,0.865867
43.61959,0.8658811
43.65727,0.8659103
43.69966,0.8659351
43.73697,0.865984
43.7773,0.8659952
43.81558,0.8659866
43.85054,0.8660034
43.8902,0.8659844
43.92608,0.8659288
43.9667,0.8658788
44.00046,0.8657984
44.04498,0.8657266
44.0833,0.8656944
44.12048,0.8656288
44.16106,0.8655851
44.19938,0.8655715
44.2389,0.8654922
44.27839,0.8654578
44.30938,0.8654356
44.3491,0.8654149
44.38704,0.8654199
44.42737,0.8654086
44.46844,0.8653491
44.5075,0.8653399
44.54455,0.8653032
44.58228,0.8652751
44.61643,0.8652544
44.65064,0.865191
44.6876,0.865146
44.72602,0.8651186
44.76648,0.8650803
44.81006,0.8650666
44.85102,0.8650512
44.88538,0.8650294
44.91617,0.8650219
44.95904,0.8649899
44.99582,0.8649566
45.03537,0.8649491
45.07473,0.8649456
45.10266,0.8649232
45.14447,0.8648938
45.18412,0.8648902
45.22348,0.864884
45.25732,0.8648331
45.29524,0.8647806
45.33896,0.8647687
45.37192,0.8647944
45.4116,0.8647788
45.45038,0.864734
45.4883,0.8646949
45.5263,0.8646903
45.56039,0.8646561
45.60078,0.8646491
45.63974,0.8646491
45.67669,0.8646437
45.71452,0.8646412
45.75544,0.8646491
45.79688,0.864698
45.83154,0.8647259
45.86884,0.8647957
45.90298,0.8648258
45.9391,0.8648316
45.97847,0.8649216
46.01859,0.865017
46.0594,0.8651182
46.0993,0.8651856
46.1362,0.8652484
46.16889,0.8653155
46.21082,0.8654188
46.24926,0.8655201
46.28789,0.865658
46.32653,0.8658045
46.37002,0.8659012
46.40943,0.8659782
46.44074,0.866062
46.4847,0.8662436
46.52292,0.8664098
46.55911,0.8666106
46.59297,0.8667691
46.63547,0.8669125
46.67358,0.8670656
46.71002,0.8672586
46.74671,0.8674016
46.78187,0.8675655
46.82578,0.8677453
46.87039,0.8678891
46.90924,0.8680469
46.94246,0.8681964
46.98786,0.8684162
47.0201,0.868647
47.0592,0.8688639
47.10278,0.8690382
47.13953,0.8692689
47.17566,0.8695156
47.211,0.8697993
47.25162,0.8700805
47.29434,0.8703406
47.32942,0.8706092
47.37544,0.8708178
47.41016,0.8710486
47.44638,0.8712662
47.48881,0.8715359
47.53336,0.8718582
47.58154,0.8721996
47.61368,0.8724855
47.64732,0.872773
47.68623,0.8730986
47.72974,0.8733798
47.76926,0.8737201
47.80541,0.8740711
47.84314,0.8744569
47.88985,0.8748288
47.93376,0.8751275
47.98056,0.8754298
48.01713,0.8757778
48.04792,0.8761825
48.08633,0.8765701
48.12698,0.8769766
48.1676,0.8774088
48.20283,0.8778244
48.245,0.8782562
48.28071,0.8786974
48.32219,0.8791649
48.36302,0.8796172
48.40352,0.8800853
48.4445,0.8805184
48.48783,0.8809724
48.52952,0.88144
48.56942,0.8818884
48.61593,0.8823478
48.65166,0.8828218
48.68624,0.8832769
48.724,0.8837468
48.76614,0.8842152
48.80996,0.8846974
48.85494,0.8852261
48.88785,0.8857244
48.93298,0.8862475
48.98098,0.8867516
49.02358,0.8872841
49.0662,0.8878049
49.10644,0.8883634
49.14166,0.8888681
49.1854,0.8894097
49.22198,0.8899586
49.26053,0.8905011
49.30316,0.8910361
49.34274,0.8915757
49.3815,0.8921449
49.42293,0.8927408
49.46209,0.8933204
49.50635,0.8939184
49.54924,0.8945828
49.58808,0.8952028
49.62828,0.8958436
49.66983,0.8964132
49.7093,0.8970526
49.74832,0.8976844
49.78707,0.8983926
49.8291,0.8990087
49.87724,0.8996453
49.91804,0.9002478
49.95678,0.9008829
49.99688,0.9015155
50.04324,0.9021168
50.07617,0.9027569
50.11642,0.9034188
50.15802,0.9040826
50.1935,0.9046719
50.23994,0.9053272
50.27856,0.9060068
50.33004,0.906732
50.37649,0.9073918
50.41791,0.9081005
50.45914,0.9088234
50.49664,0.9095161
50.54168,0.9102144
50.58045,0.9109363
50.6237,0.911658
50.66628,0.9123801
50.708,0.913096
50.74643,0.9138212
50.79666,0.9145514
50.83706,0.9153009
50.87538,0.9160129
50.92154,0.9168042
50.96062,0.9175668
51.00834,0.9183106
51.0466,0.9190822
51.08941,0.9198556
51.13477,0.9206503
51.17829,0.9213818
51.222,0.9221579
51.2627,0.9228722
51.30834,0.9236492
51.34922,0.9243899
51.38094,0.9251461
51.42536,0.9259061
51.46788,0.9266613
51.50922,0.9274207
51.55566,0.9281465
51.59355,0.9289379
51.63609,0.9297094
51.67468,0.9305126
51.72564,0.9313172
51.76552,0.9321536
51.80596,0.9329462
51.85104,0.9337561
51.8928,0.9345795
51.9371,0.9354016
51.9768,0.9361746
52.02259,0.9369504
52.06616,0.9377799
52.10966,0.9386072
52.15078,0.9393951
52.19568,0.9401788
52.23814,0.9409944
52.28102,0.9418541
52.32809,0.9426866
52.37034,0.9435309
52.4187,0.9444218
52.4567,0.9452745
52.49592,0.9460903
52.54126,0.9469478
52.58316,0.9478318
52.626,0.9486455
52.67366,0.9494765
52.71734,0.9502792
52.75586,0.951085
52.80208,0.9519074
52.84194,0.9527449
52.89094,0.9536045
52.92787,0.954465
52.97743,0.9553338
53.02208,0.9561711
53.06128,0.9570515
53.10227,0.9579218
53.14832,0.9588031
53.19314,0.9596556
53.23598,0.9604674
53.28297,0.9613026
53.32628,0.9621499
53.36762,0.9629662
53.41294,0.963752
53.45441,0.9645766
53.49439,0.9654049
53.54043,0.9662554
53.58881,0.9670869
53.63149,0.9679674
53.6741,0.9688251
53.71535,0.9696339
53.7615,0.9704718
53.80312,0.9713269
53.85584,0.9721996
53.89872,0.9730484
53.93582,0.9739102
53.9788,0.9747438
54.02578,0.9755331
54.07682,0.9763481
54.1173,0.9772053
54.15722,0.9780984
54.20087,0.9789338
54.2453,0.9797699
54.28257,0.9805408
54.32525,0.9813431
54.3725,0.9821461
54.42085,0.9829601
54.46562,0.9837997
54.509,0.9845816
54.55305,0.9853699
54.59892,0.9861466
54.63916,0.9869339
54.67842,0.9877092
54.72518,0.9885411
54.77058,0.989357
54.81209,0.99017
54.85337,0.990962
54.89232,0.9917531
54.94031,0.9925664
54.98179,0.9933501
55.0275,0.9941204
55.07117,0.9949228
55.11437,0.9957303
55.15379,0.9965166
55.2063,0.9972845
55.24764,0.998072
55.28964,0.9988702
55.33609,0.9996258
55.37856,1.000363
55.42476,1.001124
55.4665,1.001898
55.51453,1.00267
55.56352,1.003428
55.60542,1.0042
55.6486,1.00498
55.686,1.005725
55.73293,1.006461
55.77821,1.007264
55.82266,1.008021
55.85489,1.008815
55.90671,1.009608
55.94966,1.010354
56.00229,1.011082
56.04182,1.011837
56.08209,1.012572
56.12386,1.013296
56.17722,1.01402
56.21472,1.014716
56.26192,1.015488
56.30597,1.016218
56.34825,1.016917
56.388,1.017632
56.4385,1.018368
56.47574,1.019079
56.52304,1.01981
56.56613,1.020548
56.61264,1.021271
56.65149,1.022014
56.70132,1.022713
56.74656,1.023386
56.79646,1.024076
56.8381,1.02476
56.8784,1.02544
56.92495,1.026116
56.96931,1.02675
57.00637,1.027382
57.05579,1.028051
57.09654,1.028704
57.14538,1.029352
57.18695,1.029964
57.22956,1.030549
57.27426,1.031164
57.31924,1.03182
57.35771,1.032436
57.40464,1.033084
57.44659,1.033721
57.4924,1.034314
57.53871,1.034898
57.57776,1.035504
57.62202,1.03614
57.66721,1.036813
57.70844,1.037456
57.75895,1.038052
57.7981,1.038661
57.84414,1.039251
57.87585,1.039837
57.91963,1.040447
57.96018,1.041068
58.00488,1.041658
58.04524,1.042257
58.09669,1.042794
58.13977,1.04332
58.1852,1.043873
58.22734,1.044411
58.2744,1.04495
58.31157,1.045507
58.35479,1.046026
58.39552,1.046549
58.44068,1.047067
58.48203,1.047617
58.52389,1.048165
58.5672,1.048714
58.61163,1.04925
58.6559,1.049787
58.70248,1.050321
58.74296,1.05088
58.79018,1.05146
58.83144,1.051974
58.87465,1.052526
58.915,1.053015
58.96425,1.053547
59.00278,1.054061
59.04866,1.054571
59.0868,1.055069
59.12798,1.055552
59.17234,1.056004
59.21609,1.056451
59.26164,1.056936
59.30299,1.057394
59.35082,1.057884
59.3895,1.058367
59.43303,1.058848
59.48006,1.059288
59.52027,1.05977
59.56539,1.060281
59.60671,1.060748
59.64813,1.06123
59.68787,1.061706
59.73741,1.062178
59.77992,1.062667
59.82008,1.063118
59.86926,1.063574
59.91172,1.064052
59.95564,1.064478
59.99584,1.064865
60.04322,1.065312
60.08089,1.065741
60.12564,1.066124
60.17178,1.066514
60.2175,1.066866
60.24835,1.067272
60.28536,1.067652
60.32739,1.068006
60.3748,1.068414
60.41444,1.068847
60.4577,1.069227
60.49816,1.069612
60.5391,1.070054
60.58161,1.070461
60.61931,1.070877
60.66468,1.071266
60.71199,1.071656
60.75616,1.072106
60.8001,1.072516
60.84143,1.072942
60.88432,1.073376
60.9325,1.073778
60.96348,1.074158
61.00574,1.074529
61.04633,1.074876
61.08545,1.075267
61.12756,1.07564
61.16912,1.075995
61.2111,1.076324
61.25018,1.076625
61.2897,1.076925
61.3327,1.077256
61.37123,1.077611
61.42298,1.077993
61.46711,1.07837
61.50354,1.078722
61.5507,1.079127
61.585,1.07952
61.6238,1.079956
61.66783,1.080358
61.71012,1.080745
61.75609,1.081134
61.79619,1.081481
61.83434,1.081867
61.88151,1.082283
61.92064,1.082651
61.96526,1.082995
62.0066,1.083314
62.0461,1.083623
62.09469,1.083974
62.13717,1.084369
62.17515,1.084692
62.21972,1.085046
62.26689,1.08534
62.30568,1.085626
62.34552,1.085928
62.3918,1.086246
62.43402,1.086599
62.47392,1.086928
62.51792,1.087221
62.55463,1.087503
62.60166,1.087813
62.64731,1.088144
62.68624,1.088486
62.72962,1.088794
62.76592,1.089131
62.81213,1.089457
62.85246,1.08978
62.89358,1.090107
62.93637,1.090417
62.97632,1.090727
63.02444,1.091068
63.06758,1.091375
63.10578,1.091658
63.15063,1.091981
63.18818,1.092337
63.22988,1.092663
63.27356,1.09295
63.30338,1.093236
63.34363,1.09355
63.38222,1.093878
63.42793,1.094195
63.46822,1.094525
63.508,1.094869
63.55286,1.095184
63.5958,1.095455
63.63162,1.095778
63.67788,1.096092
63.7196,1.096427
63.76559,1.096781
63.80683,1.097038
63.84746,1.097321
63.88691,1.097599
63.92704,1.097956
63.96584,1.098328
64.00564,1.098627
64.04702,1.098926
64.08626,1.099268
64.13154,1.099607
64.16937,1.099908
64.21575,1.100268
64.25515,1.100633
64.30219,1.100979
64.34807,1.10127
64.38697,1.10155
64.42831,1.101892
64.46809,1.102214
64.50966,1.102528
64.55572,1.10281
64.59197,1.10311
64.62644,1.103431
64.66814,1.103734
64.7103,1.104049
64.7483,1.104348
64.7937,1.10469
64.83848,1.105023
64.88413,1.105348
64.92557,1.105674
64.96406,1.106043
65.00623,1.106432
65.04678,1.106772
65.09168,1.107078
65.13069,1.107376
65.17188,1.107732
65.21137,1.108064
65.25356,1.108386
65.30145,1.108691
65.3418,1.109004
65.3814,1.109317
65.42208,1.109611
65.45986,1.109937
65.50007,1.110292
65.54797,1.110671
65.58594,1.111004
65.62613,1.111355
65.673,1.111723
65.7168,1.112084
65.76001,1.112434
65.80321,1.112744
65.84256,1.113109
65.88274,1.113451
65.91797,1.113821
65.96589,1.114161
66.0,1.114484
66.04666,1.11477
66.0898,1.115099
66.13105,1.115471
66.16849,1.115817
66.20592,1.116182
66.24116,1.116492
66.29011,1.11685
66.33618,1.117162
66.38166,1.117505
66.41919,1.117868
66.45615,1.118247
66.5002,1.118561
66.54258,1.118914
66.5816,1.119282
66.62212,1.119638
66.66899,1.120038
66.70502,1.120409
66.7508,1.120831
66.78961,1.121229
66.82671,1.121599
66.8747,1.122003
66.91099,1.122428
66.9518,1.122773
66.99553,1.123158
67.04148,1.123551
67.08658,1.12391
67.12102,1.124245
67.15879,1.124542
67.20621,1.124889
67.24724,1.125288
67.29491,1.125664
67.33131,1.12603
67.3695,1.126426
67.41324,1.126807
67.45908,1.127166
67.49763,1.127565
67.53869,1.127962
67.57598,1.128367
67.62172,1.12877
67.66207,1.129173
67.70894,1.129531
67.74846,1.129925
67.79097,1.130304
67.83062,1.130684
67.87408,1.13109
67.91455,1.131447
67.95822,1.131874
68.00087,1.132303
68.03985,1.132699
68.08142,1.133094
68.12262,1.133498
68.16802,1.133865
68.20562,1.134261
68.24819,1.134654
68.28974,1.135063
68.33394,1.135479
68.37558,1.135868
68.41782,1.136303
68.45507,1.136706
68.50276,1.137066
68.54536,1.13746
68.58369,1.137904
68.62963,1.138328
68.66638,1.13874
68.71064,1.13913
68.748,1.139546
68.78882,1.139943
68.83625,1.140267
68.88468,1.140653
68.92712,1.141062
68.96438,1.141458
69.00797,1.14184
69.04724,1.142246
69.09239,1.142681
69.1347,1.14315
69.18262,1.143567
69.22716,1.143998
69.27064,1.144458
69.30262,1.144915
69.34254,1.145385
69.38813,1.145855
69.42978,1.146281
69.47026,1.146699
69.50829,1.147099
69.55966,1.147455
69.59766,1.147849
69.6452,1.148265
69.68008,1.148707
69.71382,1.149101
69.75612,1.149459
69.79966,1.149844
69.83743,1.150262
69.88484,1.150651
69.9264,1.151041
69.9705,1.151451
70.01484,1.15187
70.05766,1.152268
70.09618,1.152685
70.1319,1.153113
70.17978,1.153547
70.21976,1.153947
70.26421,1.154382
70.30853,1.154846
70.34926,1.155317
70.38894,1.155782
70.43109,1.156244
70.47694,1.156712
70.5204,1.157122
70.5635,1.157556
70.60626,1.158016
70.64148,1.158466
70.67974,1.158892
70.724,1.159308
70.76592,1.159736
70.811,1.160186
70.8568,1.16064
70.89201,1.161089
70.93268,1.161561
70.97986,1.162006
71.02163,1.162456
71.06305,1.162926
71.10957,1.163388
71.15,1.163867
71.19655,1.164338
71.23572,1.164779
71.27906,1.165186
71.32014,1.165604
71.36157,1.166044
71.40472,1.166516
71.4497,1.167
71.48655,1.167468
71.52756,1.167935
71.57257,1.168389
71.61101,1.168813
71.65832,1.169261
71.69634,1.169738
71.74212,1.170176
71.7811,1.170612
71.8302,1.171056
71.8711,1.171468
71.91407,1.171889
71.95741,1.172312
72.00115,1.17274
72.03878,1.173155
72.08635,1.173561
72.12593,1.173999
72.16928,1.174498
72.20891,1.174913
72.25182,1.175318
72.289,1.175723
72.33288,1.17617
72.37445,1.17661
72.42012,1.177052
72.46082,1.177508
72.5086,1.177953
72.55124,1.178366
72.58904,1.178772
72.63388,1.179252
72.67432,1.179699
72.71962,1.180138
72.75669,1.18054
72.79784,1.180956
72.84116,1.18138
72.87956,1.181837
72.92475,1.182318
72.97011,1.182798
73.01085,1.183246
73.05381,1.183694
73.09614,1.18413
73.1402,1.184614
73.18139,1.185117
73.21985,1.185611
73.26612,1.186067
73.30651,1.186509
73.35176,1.186954
73.4003,1.187436
73.44058,1.187904
73.47756,1.188341
73.51575,1.188813
73.55856,1.189264
73.59853,1.18968
73.64442,1.190087
73.68462,1.19053
73.72843,1.19094
73.76907,1.191348
73.8097,1.191731
73.85309,1.192139
73.89388,1.192554
73.93882,1.192992
73.97939,1.193406
74.0215,1.193831
74.07132,1.194278
74.11274,1.194719
74.15205,1.195176
74.19378,1.195626
74.23794,1.19605
74.2756,1.196493
74.3266,1.196934
74.37084,1.197329
74.41426,1.197731
74.45707,1.198141
74.49862,1.198555
74.54206,1.199001
74.58214,1.199438
74.62782,1.199872
74.67071,1.200326
74.71514,1.20078
74.7522,1.201246
74.79772,1.201699
74.8396,1.202142
74.88066,1.202611
74.9217,1.203063
74.96588,1.203423
75.00313,1.203822
75.05022,1.204225
75.09212,1.204622
75.13542,1.204975
75.1719,1.205336
75.21701,1.205713
75.25855,1.206095
75.30369,1.206442
75.3462,1.206821
75.39008,1.20727
75.43503,1.207697
75.47429,1.208104
75.5166,1.208524
75.55896,1.208955
75.59986,1.209369
75.64228,1.209782
75.68739,1.210188
75.72434,1.210645
75.77392,1.211067
75.81099,1.211464
75.85589,1.211823
75.89705,1.212206
75.93387,1.212591
75.9811,1.212989
76.02176,1.213381
76.06379,1.213771
76.10786,1.214171
76.1496,1.214521
76.18388,1.214857
76.22603,1.215186
76.2668,1.215575
76.31013,1.215985
76.35562,1.216396
76.39375,1.216787
76.43778,1.2172
76.47578,1.217625
76.5222,1.218027
76.56056,1.218436
76.60632,1.218871
76.64761,1.219324
76.6896,1.219736
76.727,1.220099
76.76856,1.220448
76.81616,1.220835
76.85312,1.221242
76.8945,1.221606
76.94019,1.221962
76.98155,1.222322
77.0235,1.222708
77.06432,1.223068
77.10378,1.223426
77.1465,1.223832
77.192,1.224227
77.23466,1.224598
77.28179,1.224902
77.3227,1.225252
77.361,1.225634
77.40937,1.22602
77.44682,1.226332
77.49242,1.226675
77.53458,1.227035
77.57598,1.227382
77.61528,1.227736
77.66252,1.228087
77.70235,1.228489
77.74642,1.22885
77.78726,1.229215
77.83209,1.229576
77.87672,1.229942
77.91912,1.230306
77.9521,1.230669
77.99506,1.231018
78.03644,1.231377
78.0805,1.231711
78.12444,1.232063
78.16843,1.232446
78.20655,1.232793
78.254,1.233152
78.29053,1.23353
78.33472,1.2339
78.37424,1.234296
78.4186,1.23464
78.4575,1.234982
78.5046,1.235319
78.54538,1.235642
78.58574,1.235966
78.62753,1.236324
78.67026,1.236668
78.71419,1.237038
78.75215,1.237407
78.79765,1.237718
78.84474,1.238049
78.87876,1.238406
78.92318,1.238772
78.96602,1.239114
79.00835,1.239454
79.04907,1.239801
79.09913,1.240128
79.13536,1.240457
79.17661,1.240768
79.21489,1.241116
79.26321,1.241464
79.30562,1.24177
79.34876,1.242108
79.39298,1.242464
79.43262,1.242826
79.47918,1.24313
79.52174,1.24343
79.5589,1.243746
79.6002,1.244081
79.64311,1.244387
79.68765,1.244695
79.72864,1.245003
79.77914,1.245302
79.81532,1.245594
79.85593,1.245851
79.89941,1.246174
79.94194,1.246494
79.98389,1.246774
80.03004,1.247043
80.07008,1.247344
80.11588,1.247659
80.15224,1.247974
80.19622,1.248306
80.23616,1.248651
80.27947,1.24899
80.32211,1.249284
80.36646,1.249601
80.40913,1.249917
80.45051,1.25023
80.48799,1.250514
80.5304,1.250818
80.56682,1.251136
80.61414,1.251412
80.65218,1.251668
80.69862,1.251947
80.74118,1.252242
80.78476,1.252525
80.82492,1.252833
80.86637,1.253134
80.908,1.253451
80.95185,1.25375
80.98834,1.254055
81.03321,1.254353
81.0728,1.254631
81.11638,1.254889
81.15669,1.255165
81.19691,1.255461
81.24038,1.255714
81.28264,1.255975
81.32792,1.256245
81.37145,1.256518
81.4123,1.256738
81.45055,1.25699
81.4948,1.257272
81.53438,1.2576
81.57597,1.257893
81.61828,1.258117
81.66048,1.258378
81.70548,1.258636
81.74806,1.25888
81.78872,1.259129
81.83122,1.259384
81.8715,1.259627
81.91309,1.259842
81.95686,1.260001
82.00224,1.26024
82.044,1.260496
82.08861,1.26073
82.1286,1.260967
82.1686,1.261179
82.20866,1.261416
82.25151,1.261654
82.29108,1.261909
82.33381,1.26212
82.38121,1.262365
82.4225,1.262548
82.46672,1.26275
82.5075,1.262939
82.54511,1.263135
82.58493,1.263328
82.62455,1.263521
82.67374,1.263709
82.71465,1.263846
82.76578,1.26405
82.80566,1.264268
82.84632,1.264472
82.88814,1.264672
82.92868,1.264867
82.95924,1.265023
82.99874,1.265222
83.04063,1.265363
83.08249,1.265516
83.12328,1.265695
83.16844,1.265841
83.21314,1.265981
83.2555,1.266148
83.29586,1.266271
83.34102,1.266407
83.3861,1.266608
83.42134,1.266771
83.46124,1.266962
83.50494,1.267129
83.54546,1.267287
83.59428,1.267466
83.63701,1.267638
83.67632,1.267745
83.71834,1.267943
83.75999,1.268088
83.79945,1.268214
83.8377,1.26835
83.88348,1.268472
83.92606,1.268591
83.96739,1.268722
84.00662,1.26886
84.05062,1.268996
84.09088,1.26914
84.13334,1.269206
84.17822,1.269317
84.21838,1.269409
84.26555,1.269483
84.30278,1.269584
84.34419,1.269725
84.38898,1.269841
84.43212,1.269924
84.46632,1.269988
84.50909,1.270111
84.55316,1.270238
84.59361,1.270362
84.63403,1.27049
84.67586,1.270621
84.72035,1.270706
84.7647,1.270805
84.80008,1.270894
84.84342,1.270972
84.88809,1.271042
84.9285,1.271091
84.97075,1.271143
85.00985,1.271196
85.05092,1.271199
85.09515,1.271205
85.13297,1.271219
85.17462,1.271196
85.21958,1.271207
85.26374,1.27123
85.30772,1.271243
85.34652,1.271202
85.38672,1.271169
85.43215,1.271141
85.47655,1.271126
85.51806,1.271103
85.56345,1.271123
85.60614,1.271137
85.64706,1.271091
85.68914,1.271029
85.73147,1.270979
85.76588,1.270952
85.81116,1.270916
85.85129,1.270855
85.89149,1.270791
85.93674,1.270712
85.97189,1.27059
86.00856,1.270448
86.05011,1.270321
86.09152,1.270203
86.13243,1.27009
86.17536,1.269959
86.21655,1.269843
86.26035,1.269697
86.29907,1.269554
86.35018,1.269379
86.38742,1.26921
86.43208,1.269064
86.47286,1.26892
86.51379,1.268771
86.55538,1.268548
86.59147,1.268316
86.63374,1.268066
86.67914,1.267817
86.7148,1.267528
86.74969,1.26727
86.79363,1.266999
86.83326,1.266679
86.87531,1.26635
86.91384,1.265967
86.96086,1.265647
86.99813,1.265329
87.0403,1.26501
87.08618,1.264658
87.12166,1.2643
87.16092,1.263895
87.20012,1.263438
87.24355,1.263001
87.27824,1.262556
87.32231,1.262132
87.36593,1.261652
87.41,1.261131
87.45137,1.260573
87.49098,1.260025
87.53338,1.259449
87.57804,1.258848
87.61415,1.258242
87.65558,1.257584
87.70181,1.25688
87.73966,1.256138
87.78142,1.255394
87.82049,1.254619
87.86086,1.25377
87.90621,1.252892
87.94356,1.252014
87.9812,1.251118
88.02644,1.250166
88.06574,1.249157
88.10001,1.248113
88.14705,1.24704
88.1898,1.245949
88.23202,1.244819
88.27309,1.24367
88.32026,1.242466
88.35295,1.241208
88.39376,1.239857
88.43144,1.238452
88.47478,1.237024
88.51161,1.23553
88.55121,1.234005
88.59191,1.23238
88.63305,1.230736
88.67447,1.229043
88.71056,1.22729
88.75337,1.225476
88.79113,1.223722
88.82785,1.221992
88.86264,1.220256
88.90445,1.218551
88.94259,1.21681
88.98888,1.215121
89.02545,1.213464
89.06556,1.211914
89.10988,1.210451
89.14772,1.209128
89.19224,1.207796
89.22898,1.206574
89.27111,1.205479
89.311,1.204456
89.34746,1.203547
89.39387,1.202713
89.43282,1.201964
89.47508,1.201306
89.51812,1.200722
89.55975,1.200172
89.59984,1.199772
89.6403,1.199478
89.68043,1.199255
89.72731,1.199166
89.76639,1.199155
89.81172,1.199313
89.85038,1.199578
89.89389,1.199919
89.9391,1.200435
89.98061,1.20108
90.02778,1.201858
90.06906,1.202686
90.11481,1.20361
90.15438,1.20464
90.19619,1.205802
90.2385,1.206978
90.28246,1.208244
90.32452,1.2096
90.37039,1.210975
90.41016,1.212434
90.4558,1.21391
90.49638,1.215427
90.5412,1.216965
90.5821,1.218504
90.6282,1.220073
90.66874,1.22167
90.71422,1.223293
90.75992,1.22488
90.8017,1.226501
90.84469,1.228094
90.89188,1.229705
90.92992,1.231314
90.97199,1.232937
91.01796,1.234553
91.06301,1.23614
91.10851,1.23775
91.15274,1.239322
91.19426,1.240908
91.23582,1.2425
91.27799,1.24407
91.3216,1.245603
91.36712,1.247196
91.40826,1.248759
91.44768,1.250294
91.49891,1.251867
91.53449,1.253412
91.5786,1.254952
91.62176,1.25653
91.66218,1.258066
91.70214,1.259627
91.74209,1.26121
91.78832,1.262705
91.83004,1.264173
91.87172,1.265672
91.91942,1.267156
91.95936,1.268633
92.00499,1.270067
92.04993,1.271476
92.09422,1.272914
92.12928,1.274312
92.17434,1.275688
92.21886,1.277095
92.2615,1.278529
92.30342,1.27994
92.35047,1.281305
92.39276,1.282686
92.43458,1.284083
92.47694,1.285464
92.52664,1.286822
92.56764,1.28818
92.6139,1.289523
92.65474,1.290826
92.6985,1.292136
92.74086,1.29346
92.78274,1.294771
92.82343,1.296054
92.86892,1.297375
92.91931,1.298698
92.95291,1.299988
93.00018,1.301265
93.04514,1.302576
93.08832,1.303851
93.12712,1.305099
93.17071,1.306354
93.21144,1.307623
93.25778,1.308905
93.2992,1.310141
93.34321,1.311366
93.39075,1.312577
93.4285,1.313817
93.47299,1.315004
93.51438,1.316228
93.55489,1.317425
93.59945,1.318597
93.64436,1.319786
93.68712,1.320907
93.73101,1.322059
93.77361,1.323199
93.81705,1.324341
93.85947,1.325499
93.90455,1.326683
93.94835,1.327851
93.98707,1.329022
94.03085,1.33018
94.07359,1.331283
94.11901,1.332422
94.16045,1.33353
94.20855,1.334617
94.25155,1.335701
94.28866,1.336759
94.33308,1.337823
94.3788,1.338913
94.41895,1.340008
94.46489,1.341092
94.51436,1.342181
94.5532,1.343277
94.59655,1.34438
94.63766,1.345479
94.68032,1.346556
94.72391,1.347639
94.76551,1.348691
94.80528,1.349759
94.85656,1.350778
94.88922,1.351832
94.93329,1.352891
94.97691,1.353904
95.01856,1.35496
95.05975,1.356007
95.10594,1.357075
95.14449,1.358084
95.1909,1.359132
95.23688,1.360135
95.28056,1.361157
95.32116,1.36215
95.36425,1.363148
95.41066,1.364164
95.44844,1.36513
95.49246,1.366136
95.53705,1.367128
95.57722,1.368143
95.61491,1.369136
95.66014,1.370114
95.70082,1.371131
95.74285,1.372141
95.79102,1.373131
95.83254,1.374104
95.87931,1.375062
95.91697,1.375984
95.95866,1.376914
96.00334,1.377879
96.04376,1.378835
96.08869,1.379801
96.12707,1.380736
96.17291,1.381675
96.21887,1.382631
96.26116,1.383613
96.30328,1.384644
96.35209,1.385648
96.39111,1.386631
96.43663,1.387568
96.47788,1.388495
96.52384,1.389456
96.56472,1.390421
96.60878,1.391365
96.64753,1.392319
96.69305,1.39328
96.73236,1.394211
96.77953,1.395154
96.81819,1.396097
96.85834,1.397064
96.90478,1.398032
96.94686,1.398958
96.98838,1.399909
97.03082,1.400872
97.0733,1.401798
97.11524,1.402725
97.15842,1.403656
97.19931,1.404622
97.24286,1.405604
97.28553,1.406556
97.32782,1.407522
97.36925,1.408478
97.41182,1.409422
97.44918,1.4104
97.49314,1.411418
97.53434,1.412415
97.57338,1.413384
97.61828,1.414359
97.66418,1.415343
97.70898,1.416312
97.75918,1.417288
97.80309,1.418299
97.84132,1.419306
97.88228,1.420266
97.92105,1.421234
97.95937,1.42223
98.0053,1.423244
98.04819,1.424232
98.09547,1.425208
98.134,1.426212
98.17574,1.427222
98.22131,1.428243
98.25774,1.429258
98.30246,1.430297
98.34894,1.431318
98.38874,1.432332
98.43219,1.433326
98.47901,1.434373
98.51876,1.435442
98.55946,1.436511
98.60637,1.437564
98.64809,1.438622
98.68946,1.439736
98.7357,1.440868
98.78262,1.442006
98.82301,1.44311
98.86444,1.444265
98.9048,1.445397
98.95576,1.446535
98.99336,1.44773
99.04081,1.448952
99.07744,1.450132
99.12316,1.451307
99.16314,1.4525
99.20995,1.453726
99.25038,1.455003
99.30201,1.456261
99.34455,1.45753
99.38356,1.458822
99.42853,1.460077
99.47137,1.461357
99.51391,1.462672
99.56219,1.463972
99.60149,1.46528
99.64074,1.466577
99.68061,1.467868
99.72602,1.469217
99.76778,1.470564
99.81003,1.471878
99.85722,1.473198
99.89999,1.474506
99.94158,1.475872
99.98152,1.477216
100.0294,1.478522
100.0726,1.479854
100.1108,1.481184
100.1602,1.48249
100.2002,1.483804
100.244,1.485143
100.2843,1.486503
100.3283,1.487838
100.3672,1.489132
100.4068,1.490453
100.4523,1.491766
100.5014,1.493044
100.5389,1.494338
100.5843,1.495627
100.6228,1.496891
100.6686,1.498136
100.7076,1.499343
100.7539,1.500504
100.8025,1.501678
100.8435,1.502819
100.8755,1.503901
100.9202,1.504996
100.9641,1.506031
101.0107,1.506998
101.0501,1.507924
101.0971,1.508778
101.1358,1.509619
101.1802,1.510472
101.2208,1.511222
101.266,1.511932
101.3059,1.512688
101.3476,1.513324
101.3928,1.513944
101.4408,1.514549
101.4844,1.515135
101.5272,1.515698
101.5646,1.51622
101.6099,1.516646
101.6532,1.517104
101.6931,1.517558
101.7324,1.517954
101.7741,1.518367
101.8142,1.51877
101.8586,1.51916
101.8963,1.519536
101.9374,1.519951
101.9781,1.520346
102.0253,1.520799
102.0608,1.521206
102.1002,1.52161
102.146,1.522022
102.1909,1.52241
102.2304,1.522783
102.2696,1.523144
102.3102,1.523496
102.3587,1.523842
102.3969,1.524173
102.4364,1.524497
102.4834,1.524813
102.5283,1.52511
102.5653,1.525392
102.607,1.525682
102.6496,1.52599
102.7016,1.526304
102.7391,1.526621
102.7823,1.526871
102.8208,1.527182
102.8694,1.527464
102.91,1.527728
102.9449,1.528009
102.9902,1.528294
103.0351,1.528577
103.0764,1.528838
103.1197,1.529072
103.1577,1.529356
103.1997,1.529678
103.244,1.529956
103.2841,1.530243
103.3257,1.530577
103.3734,1.530869
103.4119,1.53113
103.4545,1.531409
103.4914,1.531706
103.5408,1.532016
103.5814,1.532261
103.6204,1.532506
103.6659,1.532785
103.7106,1.533053
103.7536,1.533282
103.7905,1.533559
103.8284,1.53388
103.8732,1.534193
103.9151,1.534492
103.9489,1.534773
103.9936,1.535077
104.0363,1.535368
104.0782,1.535641
104.1207,1.535953
104.1686,1.536285
104.2067,1.53659
104.2471,1.536882
104.2897,1.537166
104.3355,1.537444
104.3804,1.53775
104.4197,1.538077
104.4637,1.538437
104.505,1.538765
104.5496,1.539061
104.593,1.539348
104.6299,1.539688
104.6764,1.540012
104.7197,1.540321
104.7628,1.540685
104.8008,1.541042
104.8454,1.541357
104.8923,1.541647
104.925,1.541968
104.9666,1.542319
105.0105,1.542686
105.046,1.542993
105.0879,1.543353
105.1339,1.543712
105.1767,1.544027
105.2228,1.544359
105.2678,1.544731
105.3072,1.545087
105.3468,1.545454
105.3871,1.545814
105.4294,1.546173
105.4698,1.546546
105.5154,1.546883
105.5576,1.547262
105.602,1.547642
105.6408,1.548028
105.6817,1.548419
105.7239,1.548808
105.7668,1.549162
105.81,1.549544
105.8512,1.549882
105.8935,1.550274
105.9317,1.550674
105.9739,1.551069
106.0177,1.551435
106.0604,1.551794
106.0998,1.552161
106.1447,1.552572
106.1878,1.55302
106.2323,1.553437
106.27,1.553878
106.3095,1.554245
106.3539,1.554622
106.3945,1.55503
106.4457,1.555463
106.4867,1.555896
106.5279,1.556312
106.5677,1.55671
106.6094,1.557105
106.655,1.557509
106.6976,1.557967
106.7394,1.55846
106.7801,1.558949
106.8225,1.559439
106.8644,1.559925
106.9062,1.560384
106.9509,1.560857
106.9886,1.561355
107.033,1.561831
107.0702,1.562318
107.1102,1.562768
107.1587,1.56323
107.1983,1.563706
107.2407,1.564142
107.2856,1.56459
107.3299,1.56509
107.366,1.565559
107.4142,1.566029
107.4605,1.566484
107.4995,1.566954
107.5394,1.56744
107.5769,1.56789
107.6192,1.568347
107.6616,1.568859
107.7039,1.569354
107.7435,1.569849
107.79,1.570376
107.8286,1.570866
107.8736,1.571385
107.915,1.57192
107.9591,1.572464
108.0005,1.573016
108.046,1.57354
108.0874,1.574058
108.1302,1.574619
108.1715,1.575175
108.2124,1.575695
108.2532,1.576236
108.2996,1.576746
108.339,1.57726
108.3797,1.577776
108.4206,1.578317
108.4626,1.578884
108.5034,1.579451
108.5456,1.580007
108.5898,1.580539
108.628,1.581092
108.6704,1.581689
108.7169,1.582318
108.7559,1.582927
108.7979,1.58352
108.8415,1.584102
108.8867,1.584717
108.9246,1.585301
108.9637,1.585884
109.0107,1.586503
109.0479,1.587112
109.0941,1.587683
109.1328,1.588294
109.1755,1.588868
109.2198,1.589472
109.2709,1.590094
109.307,1.590695
109.3496,1.591324
109.3913,1.591942
109.4327,1.592537
109.4734,1.593163
109.5129,1.593806
109.5581,1.594423
109.6018,1.595069
109.6468,1.595716
109.6886,1.596367
109.7285,1.596994
109.77,1.59762
109.8092,1.598253
109.8634,1.598925
109.9026,1.599571
109.9499,1.600216
109.9911,1.600851
110.0329,1.601474
110.0779,1.602086
110.1186,1.602702
110.1591,1.603349
110.2042,1.603988
110.2484,1.604648
110.2887,1.605288
110.3307,1.605946
110.3718,1.606609
110.4092,1.607298
110.4494,1.60799
110.5044,1.608692
110.541,1.609418
110.5805,1.610133
110.626,1.610849
110.6712,1.61155
110.7118,1.612264
110.7517,1.613001
110.7928,1.613714
110.8295,1.614413
110.8772,1.615144
110.9206,1.615858
110.9609,1.616539
111.0051,1.617234
111.0444,1.617957
111.086,1.618698
111.1287,1.619423
111.1659,1.620112
111.2205,1.620828
111.2642,1.621581
111.2999,1.622304
111.3472,1.623025
111.3902,1.623774
111.4337,1.624501
111.4737,1.625229
111.5146,1.625964
111.5594,1.626697
111.6004,1.627473
111.6416,1.628255
111.6855,1.629009
111.7327,1.629788
111.7701,1.630562
111.8143,1.631367
111.8611,1.63216
111.901,1.632938
111.9434,1.633706
111.9864,1.634476
112.0299,1.635252
112.0742,1.636038
112.1227,1.636782
112.1632,1.637512
112.2021,1.638281
112.2377,1.639031
112.2776,1.639804
112.3174,1.640575
112.3622,1.641367
112.4037,1.642132
112.4456,1.642904
112.4908,1.643668
112.5338,1.64449
112.5812,1.645337
112.6226,1.646186
112.6652,1.646999
112.7014,1.647814
112.7448,1.648651
112.785,1.649458
112.8213,1.650305
112.8654,1.651171
112.9145,1.652039
112.9595,1.65285
112.9999,1.653676
113.043,1.654473
113.0816,1.655276
113.1252,1.656084
113.1675,1.656879
113.2093,1.657721
113.2545,1.658604
113.2928,1.6594
113.344,1.660183
113.3889,1.66103
113.428,1.661887
113.4701,1.662778
113.5152,1.66371
113.5569,1.664606
113.5965,1.665513
113.6378,1.666412
113.6822,1.667292
113.7228,1.668224
113.763,1.66917
113.8088,1.670096
113.8547,1.671004
113.8956,1.671916
113.9406,1.672795
113.9823,1.673693
114.0246,1.674608
114.0648,1.675517
114.108,1.676425
114.15,1.677327
114.1987,1.678239
114.2374,1.679188
114.2804,1.680123
114.3201,1.681041
114.3681,1.681979
114.4037,1.682957
114.4526,1.683917
114.4909,1.684864
114.5317,1.685776
114.572,1.686713
114.6136,1.687668
114.6584,1.68859
114.7053,1.689526
114.7399,1.69046
114.7842,1.691426
114.828,1.692361
114.8715,1.693342
114.9139,1.694311
114.9595,1.695309
115.0018,1.696311
115.0488,1.697314
115.0903,1.698326
115.1302,1.69935
115.1734,1.700378
115.2145,1.701373
115.258,1.702419
115.3005,1.703404
115.3411,1.704407
115.3821,1.705416
115.4242,1.706432
115.471,1.707416
115.5108,1.708422
115.5556,1.709395
115.6012,1.710442
115.64,1.711465
115.6846,1.712466
115.7266,1.7135
115.7669,1.714535
115.8142,1.715592
115.8556,1.716629
115.8958,1.717717
115.9382,1.718802
115.9846,1.719909
116.0284,1.720948
116.0706,1.722
116.112,1.723068
116.1542,1.724151
116.1958,1.725255
116.2439,1.726351
116.2807,1.727456
116.3247,1.72851
116.3659,1.729538
116.4098,1.730601
116.4534,1.731683
116.4962,1.732795
116.5429,1.733897
116.5893,1.734978
116.6276,1.736082
116.6654,1.737141
116.7094,1.738237
116.7516,1.739384
116.7954,1.740527
116.8402,1.741665
116.8807,1.742804
116.9245,1.743921
116.9644,1.745055
117.0058,1.746207
117.0522,1.747331
117.0948,1.748508
117.1406,1.749675
117.1856,1.750808
117.2222,1.751961
117.2688,1.753102
117.3132,1.75423
117.3575,1.75538
117.3927,1.756512
117.4394,1.757664
117.477,1.758824
117.5256,1.759988
117.5696,1.76114
117.6108,1.762276
117.656,1.763425
117.7049,1.764583
117.7479,1.765749
117.7935,1.766924
117.8361,1.768119
117.8768,1.769301
117.9188,1.770518
117.9648,1.771712
118.0104,1.772891
118.0464,1.774098
118.0875,1.775298
118.1356,1.776517
118.1781,1.777746
118.2157,1.778969
118.2584,1.780198
118.3054,1.781404
118.347,1.782594
118.3921,1.7838
118.4325,1.785034
118.4737,1.786278
118.5196,1.787533
118.568,1.788751
118.6062,1.78997
118.6473,1.791202
118.6919,1.792404
118.7377,1.793627
118.7816,1.794859
118.8243,1.796099
118.8662,1.797351
118.9094,1.798593
118.9548,1.799828
118.9948,1.801071
119.0346,1.802321
119.0795,1.803564
119.1225,1.804814
119.1666,1.80607
119.2071,1.807306
119.2526,1.808566
119.2908,1.8098
119.3328,1.811072
119.3748,1.812349
119.4196,1.813648
119.462,1.814936
119.5069,1.816226
119.547,1.817571
119.5895,1.818906
119.6356,1.820198
119.6763,1.821501
119.7183,1.822794
119.7609,1.824057
119.8091,1.825322
119.8492,1.826608
119.8939,1.827917
119.9346,1.829217
119.9748,1.83048
120.0128,1.831734
120.056,1.833046
120.105,1.834368
120.1502,1.835725
120.1905,1.837069
120.2318,1.838452
120.2768,1.839767
120.3202,1.84109
120.3653,1.84245
120.4049,1.843829
120.4547,1.84522
120.4958,1.846627
120.5394,1.847995
120.5815,1.849311
120.623,1.850652
120.6687,1.852006
120.7102,1.85338
120.7549,1.854751
120.7946,1.85609
120.8402,1.857422
120.8848,1.858783
120.9316,1.860103
120.9745,1.861409
121.0226,1.862751
121.0599,1.864104
121.1022,1.865426
121.1402,1.866786
121.1855,1.868118
121.2285,1.869476
121.27,1.870869
121.3148,1.872228
121.3564,1.873586
121.3969,1.874998
121.4406,1.876408
121.4796,1.877789
121.5246,1.879151
121.563,1.880525
121.6087,1.881937
121.6588,1.883328
121.6996,1.884685
121.7431,1.886039
121.7882,1.887385
121.8325,1.888726
121.8735,1.890076
121.9124,1.89148
121.9648,1.892894
122.0041,1.894276
122.0477,1.895625
122.09,1.896986
122.132,1.898355
122.1649,1.899735
122.2079,1.901186
122.2506,1.90262
122.2975,1.904038
122.3479,1.905434
122.3911,1.906834
122.4337,1.908229
122.4873,1.90966
122.5214,1.911108
122.5634,1.912565
122.6066,1.914019
122.6529,1.915398
122.6826,1.916804
122.7277,1.918238
122.7666,1.919635
122.8151,1.921047
122.8594,1.922498
122.8993,1.923916
122.9436,1.925339
122.9951,1.926756
123.0338,1.928176
123.0794,1.92963
123.1226,1.931062
123.1701,1.932465
123.206,1.93392
123.2526,1.935387
123.2963,1.936808
123.342,1.938281
123.3778,1.939717
123.4254,1.941139
123.4755,1.94259
123.5182,1.944039
123.561,1.945466
123.6003,1.946929
123.6453,1.948377
123.6906,1.949806
123.7339,1.951282
123.7759,1.952719
123.8214,1.954158
123.8651,1.955647
123.9066,1.957085
123.9522,1.958526
123.9979,1.960008
124.0358,1.961459
124.0815,1.9629
124.123,1.96435
124.166,1.965776
124.2116,1.967206
124.2526,1.968651
124.2969,1.97008
124.3373,1.971531
124.3837,1.972965
124.4223,1.974368
124.4674,1.975793
124.5091,1.97722
124.5561,1.978638
124.5918,1.980054
124.6354,1.981474
124.6779,1.982881
124.722,1.984268
124.766,1.985668
124.8121,1.987083
124.8526,1.988516
124.8964,1.989945
124.9371,1.991352
124.9825,1.992792
125.0249,1.994256
125.069,1.995701
125.1128,1.997141
125.1567,1.998566
125.1998,2.000022
125.2398,2.001475
125.2857,2.002894
125.3264,2.004326
125.3699,2.005771
125.4112,2.007166
125.4525,2.008518
125.4978,2.009901
125.5397,2.011282
125.5867,2.012654
125.6261,2.014024
125.6684,2.015398
125.715,2.016792
125.7592,2.018165
125.8035,2.019546
125.8402,2.020938
125.8836,2.022379
125.9316,2.023789
125.9752,2.025197
126.0199,2.026612
126.0671,2.028013
126.1079,2.029388
126.1522,2.030775
126.1944,2.032193
126.2426,2.033611
126.2861,2.035058
126.3266,2.036446
126.3652,2.037842
126.408,2.039262
126.4526,2.040694
126.497,2.042117
126.5385,2.043531
126.5789,2.044931
126.6202,2.046279
126.6658,2.047644
126.7101,2.04897
126.7534,2.050334
126.8007,2.051725
126.8426,2.053102
126.8839,2.054462
126.9281,2.055802
126.9643,2.057178
127.0048,2.058547
127.0541,2.05994
127.094,2.061293
127.1357,2.062652
127.1814,2.064026
127.223,2.065365
127.2666,2.066707
127.3102,2.06802
127.351,2.069362
127.3956,2.070702
127.4393,2.072051
127.4808,2.073353
127.5202,2.074653
127.5615,2.075992
127.6065,2.077306
127.6509,2.07866
127.6892,2.079999
127.7346,2.081332
127.7768,2.082667
127.8166,2.084
127.8623,2.085305
127.9008,2.086644
127.949,2.087986
127.9964,2.089291
128.0375,2.090571
128.0879,2.091822
128.1261,2.093073
128.1651,2.094354
128.211,2.095624
128.2552,2.096903
128.296,2.098163
128.3408,2.0994
128.3826,2.10069
128.4212,2.101953
128.4683,2.103247
128.5136,2.104524
128.5522,2.105779
128.5974,2.107027
128.6395,2.108276
128.681,2.109515
128.7168,2.110754
128.7615,2.112022
128.8073,2.113226
128.8498,2.114457
128.8918,2.115689
128.9347,2.116942
128.9746,2.118228
129.0184,2.119488
129.0628,2.120685
129.1082,2.121864
129.147,2.123089
129.1904,2.124309
129.2309,2.125536
129.2849,2.126744
129.3218,2.127922
129.3657,2.129095
129.4097,2.130257
129.4537,2.131422
129.4929,2.132647
129.5357,2.133869
129.5827,2.135041
129.6242,2.136188
129.6642,2.137343
129.7064,2.138496
129.7445,2.139636
129.7838,2.140748
129.828,2.14189
129.8712,2.14304
129.9104,2.14412
129.9584,2.145183
130.0049,2.146268
130.0471,2.147383
130.0914,2.148452
130.1368,2.149519
130.1743,2.150602
130.2168,2.151692
130.2563,2.152741
130.2974,2.153777
130.3407,2.154822
130.3816,2.15586
130.4303,2.156879
130.4734,2.157887
130.5141,2.158928
130.5568,2.15993
130.6015,2.160925
130.649,2.161884
130.6952,2.162874
130.7341,2.16387
130.7769,2.164852
130.8194,2.165867
130.8572,2.166823
130.9018,2.167769
130.9465,2.168725
130.9853,2.169688
131.0298,2.170643
131.0702,2.171611
131.1139,2.172528
131.1559,2.173445
131.198,2.17438
131.2442,2.17527
131.2837,2.176236
131.3246,2.177162
131.3626,2.178076
131.4051,2.178982
131.4472,2.179858
131.4913,2.180751
131.5367,2.181661
131.5752,2.182555
131.6206,2.183446
131.6642,2.18432
131.7071,2.18516
131.7456,2.186016
131.7911,2.186852
131.8362,2.187702
131.8734,2.188574
131.9181,2.189416
131.9599,2.190212
132.0,2.190992
132.0402,2.191774
132.0876,2.192596
132.1308,2.193408
132.1736,2.194204
132.2157,2.194999
132.2586,2.195776
132.299,2.196546
132.3375,2.19729
132.3852,2.198064
132.4288,2.198816
132.4674,2.199588
132.5111,2.200311
132.5529,2.201022
132.5982,2.201722
132.6398,2.202426
132.6787,2.203127
132.7232,2.203826
132.7654,2.204556
132.8061,2.205269
132.8486,2.205976
132.8878,2.206664
132.9336,2.207384
132.9766,2.208104
133.0145,2.208805
133.0574,2.209473
133.0996,2.210176
133.1444,2.210864
133.187,2.211534
133.2331,2.212183
133.277,2.212842
133.3128,2.213483
133.3579,2.21415
133.4004,2.214834
133.4422,2.215476
133.483,2.216144
133.5261,2.216806
133.5689,2.21743
133.6055,2.218041
133.6489,2.218686
133.6956,2.219338
133.7351,2.219965
133.7777,2.220556
133.8192,2.221153
133.8606,2.221819
133.9068,2.222461
133.9495,2.223088
133.9921,2.223793
134.0314,2.224478
134.0765,2.225144
134.1238,2.225812
134.1615,2.22655
134.203,2.22726
134.2465,2.227951
134.2908,2.228659
134.3304,2.22936
134.3735,2.230053
134.4184,2.230725
134.4587,2.231428
134.5016,2.23211
134.5474,2.232795
134.5872,2.233452
134.6306,2.234106
134.675,2.234794
134.7219,2.235442
134.7628,2.23611
134.8009,2.236766
134.8424,2.2374
134.8842,2.238039
134.9231,2.238706
134.9669,2.239346
135.0094,2.23995
135.054,2.240566
135.0943,2.241177
135.1391,2.241762
135.1786,2.242331
135.2226,2.242898
135.2662,2.243453
135.3044,2.243976
135.3474,2.244446
135.3897,2.24493
135.4349,2.245425
135.4737,2.245894
135.5184,2.246332
135.5641,2.246756
135.608,2.247134
135.6454,2.247538
135.6874,2.247878
135.7295,2.248222
135.7726,2.24859
135.8178,2.248932
135.8583,2.249226
135.8914,2.249496
135.9345,2.249745
135.9783,2.250034
136.0194,2.250304
136.0613,2.250488
136.1045,2.250734
136.1473,2.250922
136.1914,2.251048
136.2306,2.251163
136.2748,2.251264
136.3182,2.251391
136.3587,2.251482
136.3988,2.251514
136.4418,2.251568
136.4821,2.251628
136.5289,2.251631
136.5658,2.251634
136.6074,2.251644
136.6487,2.251615
136.6903,2.25157
136.7303,2.25147
136.7697,2.251379
136.8108,2.251256
136.8558,2.251096
136.897,2.250923
136.937,2.250747
136.9789,2.250516
137.0209,2.250288
137.0634,2.250073
137.1073,2.249838
137.146,2.249574
137.1876,2.249252
137.2298,2.248994
137.2719,2.248692
137.3172,2.248364
137.3556,2.24806
137.3941,2.247752
137.4373,2.247386
137.4828,2.24699
137.5262,2.246558
137.572,2.24618
137.6138,2.245819
137.6493,2.245375
137.6884,2.24495
137.7321,2.244514
137.7736,2.244035
137.8168,2.243568
137.8545,2.243135
137.8948,2.242706
137.9377,2.242297
137.9785,2.241821
138.0172,2.241342
138.0584,2.240886
138.102,2.240418
138.142,2.239954
138.1776,2.239484
138.2235,2.238993
138.2653,2.238486
138.3125,2.23797
138.3488,2.23745
138.3952,2.23694
138.4328,2.236422
138.4737,2.235886
138.5151,2.23535
138.5524,2.23483
138.5964,2.234318
138.6338,2.233784
138.678,2.233232
138.7198,2.232675
138.7582,2.232123
138.8007,2.231563
138.8445,2.230968
138.8882,2.230359
138.9264,2.229702
138.9649,2.228974
139.0041,2.228192
139.0447,2.227375
139.0812,2.226511
139.1184,2.22556
139.1618,2.224472
139.2047,2.223264
139.2431,2.221924
139.2824,2.220434
139.3204,2.21881
139.3598,2.217032
139.3932,2.215054
139.4317,2.212925
139.4749,2.210598
139.512,2.20807
139.5504,2.205373
139.5858,2.202511
139.6294,2.19946
139.6685,2.196272
139.7036,2.192942
139.742,2.189456
139.7799,2.185867
139.8136,2.18216
139.8542,2.178361
139.8917,2.174483
139.9274,2.17057
139.9612,2.166626
139.9974,2.162678
140.0327,2.158697
140.0758,2.154654
140.119,2.150633
140.1538,2.146624
140.1919,2.142578
140.2258,2.138582
140.264,2.134605
140.3026,2.130612
140.3406,2.126588
140.3803,2.122594
140.4162,2.118605
140.4528,2.11465
140.4907,2.11072
140.5265,2.106767
140.5666,2.10288
140.607,2.098967
140.6419,2.095079
140.6781,2.091219
140.7155,2.087408
140.7525,2.083579
140.7895,2.079788
140.8278,2.076073
140.8677,2.072338
140.9062,2.068634
140.9444,2.064932
140.9791,2.061283
141.014,2.057647
141.0558,2.054026
141.0926,2.05043
141.1312,2.046875
141.1708,2.043344
141.2092,2.039802
141.2496,2.036292
141.2842,2.032856
141.3224,2.029426
141.3703,2.025987
141.4061,2.022601
141.4366,2.019272
141.4759,2.015933
141.5133,2.012667
141.5528,2.009424
141.5954,2.00619
141.633,2.003
141.6692,1.999791
141.7082,1.996646
141.7451,1.993548
141.7822,1.990463
141.8239,1.987412
141.8597,1.984387
141.902,1.981322
141.9377,1.978268
141.9761,1.97526
142.0113,1.972294
142.0538,1.969375
142.088,1.966475
142.1291,1.963591
142.1695,1.960705
142.2084,1.957826
142.2492,1.955027
142.2937,1.952292
142.3267,1.949585
142.3696,1.946887
142.4091,1.944207
142.4466,1.94154
142.4857,1.938909
142.5265,1.93631
142.5657,1.933766
142.6044,1.931261
142.642,1.928761
142.6815,1.92625
142.7194,1.923764
142.7587,1.921332
142.7948,1.918923
142.8315,1.916535
142.8779,1.914185
142.9149,1.91183
142.9582,1.909466
142.9909,1.907097
143.0346,1.904785
143.0758,1.902502
143.116,1.900244
143.154,1.897999
143.1934,1.89578
143.2322,1.893599
143.2681,1.891402
143.3084,1.88925
143.3458,1.887154
143.3896,1.885078
143.4238,1.882984
143.4664,1.880925
143.5018,1.878895
143.5441,1.876923
143.5867,1.874938
143.622,1.872972
143.6606,1.871046
143.7012,1.869132
143.7414,1.867222
143.7833,1.865334
143.8197,1.863474
143.8603,1.861656
143.9015,1.85986
143.94,1.858053
143.975,1.856286
144.0175,1.85453
144.0552,1.852803
144.0929,1.851077
144.1354,1.849377
144.1784,1.847681
144.2148,1.846005
144.2585,1.844346
144.2979,1.842703
144.338,1.841079
144.3743,1.839465
144.4128,1.83785
144.4523,1.836237
144.4987,1.83468
144.5385,1.833142
144.5759,1.831644
144.6135,1.830166
144.6537,1.828701
144.6979,1.827241
144.7393,1.82577
144.7803,1.824334
144.8243,1.822941
144.8625,1.821564
144.9056,1.820199
144.9471,1.818861
144.9878,1.817535
145.0232,1.816203
145.065,1.814854
145.1058,1.813497
145.147,1.812181
145.1884,1.810872
145.2266,1.809586
145.2678,1.808311
145.3109,1.807054
145.3514,1.805785
145.3868,1.804554
145.4264,1.803358
145.4675,1.8022
145.509,1.801078
145.5522,1.799986
145.5956,1.798886
145.636,1.797794
145.6718,1.796707
145.7088,1.795616
145.7529,1.794538
145.793,1.793448
145.8359,1.792354
145.8759,1.791262
145.9132,1.790211
145.9562,1.789163
145.9988,1.788143
146.0385,1.787139
146.0796,1.786162
146.1224,1.785212
146.1588,1.784239
146.2054,1.783289
146.2433,1.782372
146.2896,1.781468
146.3268,1.78054
146.3694,1.779597
146.4101,1.778694
146.4533,1.77778
146.4904,1.776859
146.5302,1.77595
146.5712,1.775073
146.6124,1.774239
146.6511,1.773424
146.6938,1.772584
146.7286,1.771762
146.7725,1.77096
146.8133,1.770136
146.8595,1.76932
146.9007,1.768517
146.9418,1.767712
146.98,1.766934
147.0248,1.766133
147.0639,1.765304
147.1054,1.764548
147.1471,1.763796
147.1816,1.763074
147.226,1.762329
147.2692,1.761596
147.3103,1.760889
147.3539,1.76022
147.389,1.759555
147.4285,1.758886
147.4712,1.75825
147.5071,1.757564
147.5515,1.756882
147.5904,1.75622
147.6327,1.75559
147.6743,1.754974
147.7134,1.754355
147.7538,1.753727
147.7922,1.753123
147.8344,1.752523
147.8834,1.751917
147.921,1.751348
147.9651,1.750816
148.0047,1.750265
148.0457,1.749717
148.0845,1.749178
148.1278,1.748646
148.173,1.748131
148.2109,1.747617
148.2538,1.747139
148.2914,1.74667
148.334,1.746184
148.3758,1.745664
148.4186,1.745156
148.458,1.744676
148.4962,1.744212
148.5414,1.74372
148.5831,1.743213
148.6245,1.742714
148.6673,1.742209
148.7098,1.741699
148.7502,1.741222
148.7896,1.740784
148.8341,1.740324
148.8805,1.739864
148.9201,1.739442
148.9622,1.739017
149.0014,1.738589
149.0418,1.738156
149.0858,1.737764
149.1219,1.737386
149.1664,1.73702
149.207,1.736655
149.2508,1.736284
149.2914,1.735948
149.3355,1.73557
149.3761,1.73524
149.4179,1.734891
149.4589,1.734555
149.498,1.734189
149.5403,1.733802
149.5808,1.733394
149.6236,1.733008
149.6657,1.732656
149.7104,1.732295
149.7494,1.731929
149.795,1.731555
149.8334,1.731234
149.8759,1.730911
149.9199,1.730593
149.9624,1.730264
149.9986,1.729974
150.0353,1.729696
150.0758,1.729419
150.1171,1.729081
150.163,1.728763
150.1994,1.728473
150.2358,1.7282
150.2782,1.72794
150.3244,1.727646
150.3604,1.727397
150.4068,1.727128
150.4495,1.726844
150.4862,1.726559
150.5282,1.726316
150.5692,1.726074
150.6123,1.725844
150.6549,1.725571
150.6959,1.725284
150.7414,1.72508
150.7776,1.724842
150.8191,1.724616
150.86,1.724367
150.9002,1.724115
150.9442,1.723845
150.9887,1.72363
151.0326,1.723407
151.0741,1.723214
151.1116,1.723032
151.1552,1.722811
151.1953,1.722598
151.2358,1.722422
151.2797,1.722246
151.3272,1.722092
151.3656,1.721977
151.4085,1.721811
151.4495,1.721638
151.4916,1.721451
151.5321,1.721254
151.5754,1.721093
151.6145,1.720968
151.6603,1.720765
151.7011,1.720583
151.7431,1.720378
151.781,1.720182
151.8264,1.72002
151.8696,1.719856
151.9099,1.719692
151.9556,1.719534
151.9966,1.719351
152.0379,1.719152
152.0811,1.719026
152.1222,1.718894
152.1651,1.718776
152.2115,1.718642
152.2478,1.718496
152.2869,1.71836
152.3295,1.718234
152.3712,1.718115
152.4114,1.717965
152.4486,1.717811
152.491,1.717609
152.533,1.717421
152.5725,1.717282
152.6141,1.717153
152.6563,1.717006
152.7003,1.716854
152.7453,1.716735
152.7819,1.716634
152.827,1.716512
152.8691,1.716432
152.9082,1.716359
152.9444,1.716254
152.9872,1.716139
153.0306,1.716019
153.0717,1.71591
153.1167,1.715811
153.158,1.715667
153.2014,1.715544
153.2378,1.715478
153.2833,1.715377
153.3202,1.715294
153.3645,1.715269
153.4113,1.715201
153.4502,1.715138
153.4954,1.715087
153.5352,1.71503
153.5765,1.714949
153.6163,1.714884
153.6641,1.714812
153.7091,1.714725
153.7508,1.714624
153.7911,1.714514
153.8304,1.714423
153.8747,1.714335
153.9212,1.714232
153.9609,1.714138
154.005,1.714078
154.0429,1.713991
154.0813,1.713912
154.1263,1.71386
154.1694,1.713841
154.2105,1.713786
154.2526,1.713756
154.297,1.713696
154.3394,1.713642
154.3751,1.713576
154.42,1.713529
154.46,1.713476
154.5029,1.713409
154.5432,1.713318
154.5847,1.713218
154.6306,1.713135
154.668,1.713031
154.7106,1.712939
154.7526,1.712871
154.7937,1.712803
154.8388,1.71272
154.8818,1.71263
154.9198,1.712526
154.9619,1.71246
155.007,1.712396
155.0499,1.712364
155.0868,1.712297
155.1298,1.712259
155.1719,1.712203
155.2091,1.712185
155.2538,1.712156
155.2907,1.712134
155.3324,1.712133
155.3732,1.712143
155.4145,1.712149
155.4534,1.712119
155.4988,1.712111
155.5398,1.712077
155.5819,1.712044
155.6235,1.71197
155.664,1.71193
155.7054,1.711901
155.7511,1.711844
155.7854,1.711764
155.8344,1.711715
155.8753,1.711667
155.9144,1.71164
155.9546,1.711648
155.9954,1.711625
156.037,1.711627
156.0799,1.71163
156.1193,1.711608
156.163,1.711596
156.2054,1.711583
156.2458,1.711566
156.2874,1.711567
156.3257,1.711523
156.3676,1.711458
156.4105,1.711422
156.4548,1.711344
156.4936,1.711256
156.5294,1.711241
156.5686,1.711242
156.6062,1.71124
156.6523,1.711218
156.6988,1.711201
156.743,1.711203
156.7784,1.711205
156.8257,1.711196
156.8691,1.711229
156.9115,1.711246
156.9536,1.711248
156.9959,1.711244
157.0374,1.711255
157.0768,1.711272
157.1211,1.71125
157.165,1.711263
157.2088,1.711246
157.2546,1.711231
157.2924,1.711216
157.3356,1.711221
157.3767,1.711203
157.4171,1.711182
157.4563,1.711165
157.5014,1.711131
157.5411,1.711116
157.5728,1.711096
157.6173,1.711094
157.6576,1.711104
157.6984,1.711099
157.7383,1.711085
157.7821,1.711094
157.8235,1.71107
157.867,1.711049
157.911,1.711035
157.9475,1.711035
157.9895,1.711063
158.0316,1.711113
158.0722,1.711127
158.1178,1.711176
158.1556,1.711229
158.1958,1.711252
158.24,1.71129
158.2868,1.711318
158.3277,1.711351
158.3662,1.711388
158.4065,1.71138
158.4513,1.711359
158.4929,1.711401
158.535,1.711414
158.5817,1.711418
158.6225,1.711411
158.6645,1.711434
158.7052,1.711466
158.7442,1.711512
158.7889,1.711536
158.8319,1.711535
158.8679,1.711519
158.9117,1.711483
158.9522,1.711491
158.9893,1.711528
159.0295,1.711541
159.072,1.711552
159.1178,1.711564
159.1579,1.711549
159.204,1.711547
159.2458,1.711584
159.288,1.711644
159.327,1.711707
159.3693,1.711746
159.4129,1.711766
159.4574,1.711792
159.4959,1.711823
159.5387,1.711866
159.5804,1.711919
159.621,1.711962
159.6618,1.711989
159.7001,1.712016
159.7408,1.712033
159.7869,1.712054
159.8245,1.712087
159.8714,1.712121
159.9134,1.712159
159.9541,1.712174
159.9958,1.712194
160.0353,1.712221
160.0761,1.712266
160.119,1.712318
160.1636,1.712395
160.2036,1.712425
160.2411,1.712446
160.2848,1.712488
160.3262,1.712524
160.368,1.712578
160.4043,1.712636
160.4438,1.712726
160.4842,1.712788
160.5285,1.712865
160.5675,1.712904
160.6059,1.71298
160.6549,1.713052
160.6976,1.713145
160.7396,1.713216
160.7784,1.713276
160.8236,1.713328
160.8614,1.713346
160.8984,1.713391
160.9453,1.713431
160.9837,1.713483
161.0284,1.713541
161.0686,1.713603
161.1142,1.713652
161.1546,1.713713
161.1958,1.713786
161.2354,1.71387
161.2784,1.71393
161.3159,1.714
161.3613,1.714061
161.4026,1.714108
161.4445,1.714142
161.4864,1.714189
161.5265,1.714228
161.568,1.714281
161.6087,1.71433
161.6577,1.714373
161.6987,1.714452
161.7428,1.714534
161.777,1.714611
161.8214,1.714696
161.8652,1.714764
161.9086,1.714812
161.9526,1.714844
161.9949,1.714893
162.0364,1.714939
162.0769,1.715007
162.1172,1.715099
162.1573,1.715147
162.2028,1.71521
162.2442,1.715282
162.282,1.71537
162.3225,1.715464
162.3622,1.715575
162.4034,1.715657
162.4461,1.715736
162.4905,1.715777
162.533,1.715791
162.5738,1.715856
162.6119,1.715884
162.6509,1.715951
162.7031,1.716016
162.7396,1.716047
162.7792,1.71608
162.8225,1.716129
162.8634,1.716204
162.9111,1.716292
162.9534,1.716366
162.992,1.716424
163.0384,1.716531
163.0737,1.716612
163.1199,1.71666
163.1568,1.716745
163.2,1.716836
163.2406,1.716933
163.2788,1.717014
163.3215,1.717065
163.3589,1.71715
163.4025,1.717232
163.4445,1.717286
163.4832,1.717311
163.5242,1.717389
163.5666,1.717459
163.6092,1.71753
163.6501,1.717606
163.6905,1.717667
163.7376,1.717751
163.7788,1.717815
163.8214,1.717887
163.8578,1.717996
163.8983,1.718115
163.9409,1.718219
163.9891,1.718332
164.0273,1.71845
164.0668,1.718533
164.1119,1.718616
164.1528,1.718717
164.1955,1.71882
164.2347,1.718922
164.2764,1.718988
164.3191,1.719076
164.3618,1.719141
164.3974,1.719217
164.4455,1.719276
164.4848,1.719355
164.5296,1.719461
164.5693,1.719561
164.6132,1.719653
164.6533,1.719739
164.6974,1.719823
164.7381,1.719897
164.7772,1.720006
164.8211,1.720108
164.8612,1.720231
164.902,1.720337
164.9454,1.720408
164.984,1.720456
165.0291,1.720546
165.0651,1.720621
165.1125,1.720727
165.1575,1.72082
165.1991,1.720912
165.2367,1.720994
165.276,1.721088
165.3172,1.721164
165.3655,1.721243
165.4028,1.721354
165.4481,1.721426
165.4912,1.72153
165.5363,1.721601
165.5742,1.721686
165.6175,1.721791
165.6642,1.721888
165.7062,1.721959
165.7449,1.722044
165.7885,1.72217
165.8273,1.722274
165.8684,1.722389
165.9074,1.722472
165.9498,1.722561
165.9865,1.722662
166.033,1.722736
166.07,1.722818
166.1117,1.722884
166.1519,1.722961
166.1955,1.723025
166.2369,1.723098
166.282,1.723153
166.32,1.723224
166.3676,1.723325
166.4095,1.723406
166.4496,1.723466
166.4892,1.723548
166.5365,1.72363
166.578,1.723713
166.6174,1.723785
166.6599,1.723878
166.7014,1.723993
166.7417,1.724101
166.7887,1.724172
166.8281,1.724235
166.8703,1.724332
166.9096,1.724404
166.9539,1.724502
166.9965,1.724628
167.0472,1.724766
167.0877,1.724881
167.1308,1.724989
167.1746,1.725084
167.2116,1.725197
167.2583,1.725295
167.3032,1.725369
167.3397,1.725496
167.3824,1.72559
167.4218,1.725669
167.4652,1.725735
167.505,1.725796
167.5459,1.725882
167.5865,1.725971
167.6251,1.726035
167.669,1.726123
167.7124,1.726209
167.7489,1.726259
167.7958,1.726321
167.8404,1.726427
167.8789,1.726524
167.9175,1.726629
167.9629,1.726719
168.0027,1.726805
168.0509,1.726918
168.0923,1.727004
168.1339,1.727108
168.1771,1.72722
168.2194,1.727316
168.2579,1.727356
168.2955,1.7274
168.3349,1.727451
168.377,1.72749
168.4184,1.727525
168.461,1.727566
168.5013,1.727641
168.5459,1.72768
168.5887,1.727706
168.6346,1.727791
168.6796,1.727897
168.7156,1.727985
168.7567,1.728076
168.8015,1.72816
168.8449,1.728247
168.8802,1.728334
168.9216,1.728418
168.9626,1.728512
169.0081,1.728632
169.0509,1.72872
169.0904,1.728746
169.1321,1.728831
169.1743,1.728934
169.2173,1.729035
169.2609,1.729137
169.2973,1.729203
169.3417,1.729272
169.3848,1.729347
169.4256,1.729378
169.4653,1.729436
169.509,1.729525
169.5519,1.7296
169.5959,1.729656
169.6416,1.729709
169.6827,1.729758
169.7242,1.729831
169.7636,1.729879
169.8058,1.729944
169.8475,1.730025
169.8878,1.730094
169.9299,1.730166
169.9723,1.730189
170.0096,1.73018
170.0542,1.73022
170.0982,1.730281
170.136,1.730357
170.1762,1.730456
170.2184,1.730545
170.2553,1.730639
170.3027,1.730695
170.3452,1.730744
170.3858,1.730834
170.4288,1.730921
170.4649,1.731004
170.5098,1.731054
170.5482,1.731089
170.5963,1.731103
170.6374,1.731141
170.6777,1.731184
170.7211,1.731244
170.7629,1.731318
170.804,1.731379
170.8444,1.731455
170.8873,1.731484
170.9287,1.731556
170.9692,1.731623
171.0114,1.731706
171.0536,1.731768
171.0937,1.731831
171.1381,1.731888
171.1838,1.731923
171.222,1.731974
171.2633,1.73203
171.3044,1.732084
171.3449,1.732122
171.3874,1.732171
171.4313,1.732229
171.4731,1.732276
171.5175,1.732292
171.5544,1.732321
171.5986,1.732398
171.64,1.732457
171.6847,1.732511
171.7312,1.732571
171.7701,1.732636
171.8102,1.732672
171.8556,1.732692
171.8996,1.732772
171.9426,1.732854
171.987,1.732936
172.025,1.732997
172.067,1.733068
172.1091,1.733156
172.1544,1.733251
172.1924,1.733324
172.2408,1.733419
172.2778,1.733503
172.318,1.73354
172.3589,1.733578
172.4037,1.73363
172.4438,1.733698
172.4842,1.733757
172.5285,1.733785
172.568,1.733828
172.6065,1.733898
172.6417,1.733929
172.681,1.733978
172.7222,1.734033
172.7688,1.734075
172.8058,1.734115
172.8466,1.73416
172.8899,1.734156
172.9342,1.7342
172.9766,1.734231
173.0184,1.734217
173.0593,1.734235
173.1038,1.734262
173.1464,1.734292
173.1847,1.734348
173.2292,1.734412
173.2694,1.734435
173.311,1.734486
173.3535,1.734503
173.3939,1.734525
173.4344,1.734576
173.477,1.734628
173.5172,1.734664
173.5616,1.734718
173.599,1.734795
173.6421,1.734822
173.6824,1.734872
173.7244,1.734921
173.7676,1.734948
173.8088,1.73498
173.8495,1.735017
173.892,1.735053
173.9326,1.735132
173.9758,1.735191
174.0191,1.735183
174.0608,1.735207
174.1016,1.735205
174.1442,1.735246
174.1858,1.735308
174.2262,1.735348
174.2651,1.735377
174.3081,1.735433
174.3454,1.735462
174.3905,1.735462
174.4321,1.735508
174.4777,1.735549
174.5151,1.735587
174.554,1.73564
174.5982,1.735704
174.6388,1.735737
174.6834,1.735791
174.7223,1.73583
174.7668,1.735865
174.8076,1.735934
174.8512,1.735977
174.8955,1.736
174.9351,1.736092
174.977,1.736118
175.0122,1.736146
175.0544,1.736209
175.0994,1.736262
175.1408,1.736306
175.1862,1.736341
175.2264,1.736364
175.268,1.736411
175.3101,1.736478
175.3537,1.736496
175.3964,1.736552
175.4342,1.73658
175.4776,1.736633
175.5188,1.736666
175.5658,1.73671
175.6104,1.736739
175.6467,1.736765
175.6852,1.736806
175.7326,1.736858
175.7749,1.736904
175.8176,1.736927
175.8546,1.736971
175.901,1.737025
175.9367,1.737078
175.9779,1.737122
176.0186,1.737168
176.0644,1.737219
176.1041,1.737283
176.1475,1.737293
176.1875,1.737305
176.2297,1.737324
176.2713,1.737346
176.3147,1.737325
176.3506,1.737339
176.3983,1.737347
176.4366,1.73736
176.4799,1.737367
176.5185,1.737367
176.5574,1.737399
176.6039,1.737464
176.6453,1.737506
176.683,1.737548
176.7287,1.737583
176.769,1.737604
176.8149,1.737634
176.8511,1.737676
176.8957,1.737723
176.936,1.737748
176.9754,1.737789
177.0138,1.737818
177.063,1.737877
177.103,1.737907
177.1461,1.73795
177.1876,1.73798
177.2277,1.738036
177.2713,1.73807
177.3129,1.738135
177.3575,1.738196
177.3952,1.738228
177.4339,1.738234
177.4759,1.738252
177.5159,1.738278
177.5558,1.738304
177.5946,1.738359
177.6393,1.738378
177.6785,1.738429
177.7218,1.738426
177.7672,1.738422
177.807,1.738434
177.8514,1.738486
177.8885,1.738492
177.9319,1.7385
177.973,1.738517
178.0188,1.738543
178.0606,1.738572
178.1041,1.738593
178.1442,1.738631
178.1881,1.738683
178.2297,1.738741
178.2746,1.738754
178.3072,1.7388
178.3486,1.738866
178.3902,1.738933
178.4307,1.738986
178.4716,1.739029
178.5156,1.73908
178.5526,1.739112
178.5956,1.739169
178.6424,1.739204
178.6812,1.739247
178.7238,1.7393
178.7662,1.739298
178.8097,1.739344
178.8539,1.739372
178.8946,1.739396
178.9349,1.739423
178.9766,1.739461
179.0201,1.739471
179.0618,1.739521
179.0974,1.739579
179.1426,1.739616
179.1837,1.739717
179.2264,1.739752
179.2706,1.739816
179.3113,1.739866
179.3519,1.739917
179.3959,1.739952
179.4386,1.739984
179.4756,1.740006
179.5184,1.74003
179.5603,1.740061
179.6035,1.74009
179.6476,1.740145
179.6892,1.740176
179.73,1.740222
179.7738,1.740239
179.8141,1.740291
179.8539,1.740339
179.8996,1.740385
179.9383,1.740426
179.981,1.740473
180.0152,1.740516
180.0604,1.740552
180.098,1.74061
180.1398,1.740666
180.1843,1.74071
180.222,1.740769
180.2616,1.740827
180.3039,1.740877
180.3447,1.740939
180.3825,1.740992
180.4277,1.741042
180.468,1.741061
180.5116,1.741081
180.5538,1.741099
180.5996,1.741154
180.6382,1.74118
180.6815,1.741224
180.7211,1.741271
180.7639,1.741285
180.8031,1.741321
180.8486,1.741361
180.8894,1.741406
180.9292,1.741444
180.9716,1.741476
181.0142,1.741494
181.0558,1.741543
181.0955,1.741552
181.138,1.741605
181.1797,1.741669
181.2213,1.741721
181.262,1.741765
181.3072,1.741828
181.3474,1.741905
181.3884,1.741994
181.4287,1.742076
181.4737,1.742136
181.5166,1.742213
181.5555,1.742256
181.595,1.742316
181.6451,1.742356
181.6868,1.742406
181.729,1.74247
181.7736,1.742498
181.8164,1.74255
181.8532,1.742602
181.8904,1.742664
181.9355,1.742727
181.9789,1.74278
182.0194,1.742843
182.0653,1.742902
182.1018,1.74293
182.1483,1.742948
182.1829,1.742994
182.2273,1.74304
182.268,1.743092
182.3133,1.743128
182.3568,1.743173
182.396,1.743231
182.4428,1.743261
182.4822,1.743307
182.5262,1.743395
182.5609,1.743479
182.5966,1.743558
182.638,1.743596
182.6825,1.743633
182.7288,1.743679
182.7691,1.743758
182.8112,1.743804
182.8499,1.74387
182.8929,1.743935
182.9357,1.743984
182.9768,1.74402
183.0175,1.74407
183.0601,1.744119
183.1027,1.744156
183.1412,1.744195
183.184,1.744215
183.225,1.74426
183.2646,1.744342
183.3066,1.744397
183.3465,1.744409
183.3885,1.744476
183.4343,1.744517
183.4741,1.744584
183.518,1.74466
183.5557,1.744708
183.5986,1.744748
183.64,1.744792
183.683,1.744776
183.7244,1.744769
183.7676,1.74482
183.8103,1.744841
183.8552,1.744884
183.8931,1.744911
183.9349,1.74491
183.9744,1.744961
184.015,1.744973
184.0552,1.744992
184.0995,1.745041
184.1385,1.74512
184.1826,1.745163
184.2236,1.745216
184.265,1.745239
184.3086,1.745284
184.3524,1.745371
184.3917,1.745428
184.4362,1.74552
184.4746,1.745595
184.5181,1.745649
184.5634,1.745708
184.5994,1.745786
184.6449,1.745813
184.6859,1.745856
184.7266,1.745884
184.7677,1.745905
184.8085,1.745948
184.8523,1.746
184.889,1.746038
184.9329,1.746071
184.9749,1.746077
185.0182,1.74612
185.0658,1.746211
185.1085,1.746252
185.1488,1.746318
185.1884,1.746418
185.2306,1.746477
185.2724,1.746502
185.3109,1.746539
185.3525,1.7466
185.3931,1.746691
185.4399,1.746756
185.4792,1.746791
185.5236,1.746852
185.5665,1.746902
185.6048,1.746923
185.6468,1.746961
185.6865,1.747014
185.7306,1.74707
185.7704,1.747156
185.8122,1.747186
185.853,1.747206
185.8973,1.747244
185.9422,1.747309
185.9828,1.747366
186.0249,1.747424
186.0666,1.74745
186.1058,1.747509
186.1428,1.747572
186.1905,1.747576
186.2331,1.747604
186.2711,1.74764
186.3128,1.747691
186.3556,1.747736
186.3962,1.747764
186.4396,1.747791
186.4788,1.747856
186.5186,1.747883
186.5626,1.747892
186.6056,1.747948
186.6434,1.748032
186.6857,1.74807
186.7301,1.748083
186.7702,1.748108
186.8116,1.748165
186.8567,1.748178
186.8999,1.748218
186.9418,1.74828
186.9839,1.74833
187.0236,1.748382
187.066,1.748407
187.1051,1.748454
187.1484,1.748506
187.1928,1.748533
187.2352,1.748534
187.2764,1.74856
187.3192,1.748586
187.3578,1.748611
187.398,1.748647
187.4368,1.748651
187.48,1.748663
187.5227,1.748696
187.5674,1.748723
187.6094,1.748762
187.6556,1.748834
187.6987,1.748924
187.7342,1.748952
187.7756,1.748977
187.8185,1.748999
187.8586,1.749032
187.9006,1.749061
187.944,1.749087
187.9835,1.749119
188.0274,1.749156
188.0706,1.74918
188.1139,1.749183
188.1566,1.749229
188.1959,1.749262
188.2382,1.749298
188.2809,1.749346
188.3218,1.74943
188.3665,1.749509
188.4076,1.749562
188.4502,1.749619
188.4928,1.749656
188.538,1.749735
188.5761,1.749759
188.6159,1.749823
188.6551,1.749889
188.6984,1.749912
188.7393,1.749925
188.7838,1.749936
188.8261,1.74997
188.8662,1.749997
188.907,1.750056
188.9492,1.75006
188.9885,1.750088
189.0337,1.750089
189.0671,1.750118
189.111,1.750163
189.1532,1.750174
189.1957,1.750202
189.2372,1.75023
189.2843,1.750259
189.3257,1.750258
189.3645,1.750302
189.4058,1.75036
189.4497,1.750392
189.4858,1.750412
189.5288,1.750455
189.5711,1.750519
189.6104,1.750564
189.652,1.750607
189.6945,1.750614
189.7343,1.750638
189.777,1.75065
189.8193,1.75064
189.8589,1.750667
189.9008,1.750687
189.9464,1.750703
189.9919,1.750699
190.0322,1.750707
190.0732,1.750687
190.1167,1.750703
190.1606,1.750732
190.1984,1.750754
190.2433,1.750819
190.2851,1.750839
190.3271,1.750834
190.3661,1.750839
190.4045,1.750852
190.4504,1.75087
190.4937,1.750895
190.5308,1.750925
190.5684,1.750942
190.6141,1.750978
190.6527,1.750976
190.6981,1.750992
190.7413,1.751037
190.7834,1.751054
190.8262,1.751094
190.861,1.751132
190.8992,1.751166
190.9416,1.751174
190.9852,1.751222
191.0274,1.751221
191.0719,1.751241
191.1162,1.751284
191.1578,1.751331
191.1998,1.751364
191.2406,1.751396
191.2839,1.751411
191.326,1.751442
191.3682,1.751481
191.4069,1.751466
191.4476,1.751494
191.4875,1.751524
191.5325,1.751514
191.5702,1.751489
191.6125,1.751489
191.654,1.751481
191.6978,1.75148
191.7386,1.751509
191.7839,1.751532
191.8218,1.751576
191.8647,1.7516
191.9059,1.751593
191.9462,1.751631
191.9863,1.751689
192.0284,1.751732
192.0699,1.75177
192.1146,1.751788
192.1596,1.751774
192.1976,1.751794
192.2397,1.751802
192.2802,1.75181
192.3193,1.75182
192.3586,1.751845
192.4045,1.751843
192.4444,1.75183
192.4848,1.75183
192.53,1.751848
192.5764,1.751881
192.6185,1.751919
192.6642,1.751914
192.7091,1.75194
192.7489,1.752
192.7884,1.752024
192.8268,1.752033
192.8683,1.752077
192.9121,1.752094
192.9546,1.752106
192.9968,1.752149
193.0396,1.752144
193.0788,1.752166
193.1215,1.752171
193.1648,1.752177
193.203,1.752176
193.2473,1.752208
193.294,1.752217
193.3324,1.752248
193.3745,1.752266
193.4136,1.752236
193.4542,1.752235
193.4991,1.752243
193.5375,1.752244
193.5814,1.752217
193.6214,1.752217
193.6662,1.752171
193.7028,1.752141
193.7463,1.752146
193.7874,1.752147
193.8274,1.75219
193.8663,1.752211
193.9112,1.752247
193.9522,1.752271
193.9963,1.752316
194.0356,1.75233
194.0788,1.752404
194.1181,1.752428
194.1585,1.752411
194.2043,1.752431
194.2426,1.752432
194.2844,1.752439
194.3267,1.752427
194.3662,1.752431
194.4104,1.752439
194.4493,1.752466
194.4947,1.752474
194.5299,1.752509
194.5725,1.752525
194.6142,1.752521
194.653,1.752508
194.6954,1.752521
194.7427,1.752542
194.7856,1.752538
194.8284,1.752507
194.865,1.752485
194.9081,1.752458
194.9553,1.752434
194.9942,1.752444
195.0375,1.752444
195.0794,1.75246
195.1187,1.75245
195.1651,1.752469
195.206,1.752474
195.2455,1.752503
195.2895,1.752505
195.3235,1.752523
195.3584,1.752557
195.4013,1.752567
195.4434,1.752582
195.4875,1.752579
195.5294,1.75258
195.5733,1.752536
195.6188,1.752529
195.6514,1.75253
195.6972,1.752532
195.7363,1.752534
195.7803,1.752529
195.8252,1.752521
195.8617,1.752466
195.9072,1.752461
195.9458,1.75249
195.9878,1.752494
196.0268,1.752518
196.0679,1.752519
196.1098,1.752531
196.1528,1.752514
196.1934,1.752516
196.2329,1.752522
196.2772,1.752585
196.3204,1.752599
196.3599,1.752556
196.4006,1.752575
196.4418,1.752574
196.4838,1.752566
196.5247,1.752558
196.5678,1.75258
196.6108,1.752576
196.6535,1.752551
196.6919,1.752535
196.7321,1.752528
196.773,1.752541
196.8101,1.752541
196.8553,1.752545
196.8958,1.752562
196.9385,1.752598
196.9835,1.752601
197.0232,1.752609
197.0643,1.752656
197.1078,1.752695
197.148,1.752761
197.1924,1.752832
197.2349,1.752873
197.278,1.752892
197.322,1.752901
197.3645,1.752902
197.4026,1.75293
197.4469,1.752952
197.4881,1.752959
197.5299,1.75297
197.5654,1.752942
197.6058,1.752922
197.6452,1.752896
197.6886,1.752892
197.7277,1.752904
197.7688,1.752928
197.8114,1.752956
197.8552,1.752997
197.8995,1.753021
197.9407,1.753034
197.9801,1.753044
198.0271,1.753026
198.0657,1.753067
198.1007,1.753107
198.1449,1.75315
198.1864,1.753134
198.2313,1.753123
198.2692,1.753116
198.3163,1.75311
198.3604,1.753106
198.4034,1.753132
198.4506,1.753161
198.4922,1.753134
198.5338,1.753119
198.572,1.753108
198.6138,1.753114
198.6564,1.753112
198.6978,1.753114
198.7383,1.753114
198.7798,1.75311
198.8225,1.753088
198.861,1.753078
198.9035,1.753073
198.949,1.753077
198.9914,1.753092
199.0338,1.753124
199.0729,1.753145
199.11,1.753146
199.1549,1.753179
199.1977,1.753222
199.244,1.753244
199.2822,1.753268
